{
    "total_runtime": 1142.6845338344574,
    "num_documents": 27,
    "input_load_time": 0,
    "workflows": {
        "create_base_text_units": {
            "overall": 9.312352657318115,
            "0_orderby": 0.0014955997467041016,
            "1_zip": 0.0017771720886230469,
            "2_aggregate_override": 0.0027213096618652344,
            "3_chunk": 9.2729332447052,
            "4_select": 0.002184152603149414,
            "5_unroll": 0.00311279296875,
            "6_rename": 0.0021514892578125,
            "7_genid": 0.010777711868286133,
            "8_unzip": 0.0029535293579101562,
            "9_copy": 0.002259492874145508,
            "10_filter": 0.00862431526184082
        },
        "create_base_extracted_entities": {
            "overall": 493.75486731529236,
            "0_entity_extract": 493.6212193965912,
            "1_merge_graphs": 0.13109159469604492
        },
        "create_summarized_entities": {
            "overall": 169.88089847564697,
            "0_summarize_descriptions": 169.87802934646606
        },
        "create_base_entity_graph": {
            "overall": 1.2557196617126465,
            "0_cluster_graph": 1.2490832805633545,
            "1_select": 0.0034377574920654297
        },
        "create_final_entities": {
            "overall": 10.742329120635986,
            "0_unpack_graph": 0.4532291889190674,
            "1_rename": 0.004711151123046875,
            "2_select": 0.0044481754302978516,
            "3_dedupe": 0.004865407943725586,
            "4_rename": 0.004305601119995117,
            "5_filter": 0.019765615463256836,
            "6_text_split": 0.013824939727783203,
            "7_drop": 0.0048067569732666016,
            "8_merge": 0.1471250057220459,
            "9_text_embed": 10.046765804290771,
            "10_drop": 0.0076792240142822266,
            "11_filter": 0.02516794204711914
        },
        "create_final_nodes": {
            "overall": 3.105659246444702,
            "0_layout_graph": 1.8441030979156494,
            "1_unpack_graph": 0.6089377403259277,
            "2_unpack_graph": 0.5083813667297363,
            "3_filter": 0.07523894309997559,
            "4_drop": 0.006431102752685547,
            "5_select": 0.0056645870208740234,
            "6_rename": 0.00626683235168457,
            "7_join": 0.016537904739379883,
            "8_convert": 0.020297527313232422,
            "9_rename": 0.008874893188476562
        },
        "create_final_communities": {
            "overall": 2.579261064529419,
            "0_unpack_graph": 0.4901723861694336,
            "1_unpack_graph": 0.4661552906036377,
            "2_aggregate_override": 0.009105682373046875,
            "3_join": 0.07433938980102539,
            "4_join": 0.06482076644897461,
            "5_concat": 0.012868642807006836,
            "6_filter": 1.3178250789642334,
            "7_aggregate_override": 0.04594898223876953,
            "8_join": 0.010565519332885742,
            "9_filter": 0.0231325626373291,
            "10_fill": 0.007709503173828125,
            "11_merge": 0.02808976173400879,
            "12_copy": 0.008040666580200195,
            "13_select": 0.00783848762512207
        },
        "join_text_units_to_entity_ids": {
            "overall": 0.03937816619873047,
            "0_select": 0.007956743240356445,
            "1_unroll": 0.010010242462158203,
            "2_aggregate_override": 0.01337885856628418
        },
        "create_final_relationships": {
            "overall": 0.7323381900787354,
            "0_unpack_graph": 0.4868125915527344,
            "1_filter": 0.08697247505187988,
            "2_rename": 0.009245634078979492,
            "3_filter": 0.08718562126159668,
            "4_drop": 0.008984088897705078,
            "5_compute_edge_combined_degree": 0.012529611587524414,
            "6_convert": 0.019701719284057617,
            "7_convert": 0.010813474655151367
        },
        "join_text_units_to_relationship_ids": {
            "overall": 0.05574178695678711,
            "0_select": 0.00951075553894043,
            "1_unroll": 0.011716842651367188,
            "2_aggregate_override": 0.014589309692382812,
            "3_select": 0.010646820068359375
        },
        "create_final_community_reports": {
            "overall": 448.7936120033264,
            "0_prepare_community_reports_nodes": 0.05636119842529297,
            "1_prepare_community_reports_edges": 0.02021336555480957,
            "2_restore_community_hierarchy": 0.027558326721191406,
            "3_prepare_community_reports": 0.7952110767364502,
            "4_create_community_reports": 447.86926651000977,
            "5_window": 0.013983488082885742
        },
        "create_final_text_units": {
            "overall": 0.09747838973999023,
            "0_select": 0.012050151824951172,
            "1_rename": 0.011182785034179688,
            "2_join": 0.014398336410522461,
            "3_join": 0.01833963394165039,
            "4_aggregate_override": 0.01584029197692871,
            "5_select": 0.01236581802368164
        },
        "create_base_documents": {
            "overall": 0.14809799194335938,
            "0_unroll": 0.013256072998046875,
            "1_select": 0.012561559677124023,
            "2_rename": 0.013110160827636719,
            "3_join": 0.015489578247070312,
            "4_aggregate_override": 0.013849973678588867,
            "5_join": 0.015668869018554688,
            "6_rename": 0.012863397598266602,
            "7_convert": 0.03953909873962402
        },
        "create_final_documents": {
            "overall": 0.026010513305664062,
            "0_rename": 0.013155698776245117
        }
    }
}